fichier_local;titre_sur_le_site;lien_drive;emplacement_dans_google_drive
Média1.mp4;فيديو إضافي (Média1);https://drive.google.com/file/d/1BRg5ZqRIfhN9MmdNt_koGcv3vgrJb8b7/view;Mon Drive/E/ai/leçon témoin foshet ibde3/présentation finale de la leçon modèle/hub_pedagogique/media/Média1.mp4
documents/مشروع فسحة إبداع - المسابقة الإقليمية.pptx;مشروع فسحة إبداع — المسابقة الإقليمية (PPTX);https://drive.google.com/file/d/16zIk56whYs1hNf_qNimVIXkF8K8OBGw1/view;Mon Drive/E/ai/leçon témoin foshet ibde3/présentation finale de la leçon modèle/hub_pedagogique/media/documents/مشروع فسحة إبداع - المسابقة الإقليمية.pptx
intro jad.mp4;نداء جاد «اسمعوا حكايتي قبل فوات الأوان!»;https://drive.google.com/file/d/1qecycBeb8dN-3NTE_PT3MFd8Ih5k3J6D/view;Mon Drive/E/ai/leçon témoin foshet ibde3/présentation finale de la leçon modèle/hub_pedagogique/media/intro jad.mp4
projet1/Flower Teacher Welcome.mp4;أفاتار الوردة الناطقة بالذكاء الاصطناعي;https://drive.google.com/file/d/19oZ3_DR77SXi0UMiVERtz27OjDcneLkV/view;Mon Drive/E/ai/leçon témoin foshet ibde3/présentation finale de la leçon modèle/hub_pedagogique/media/projet1/Flower Teacher Welcome.mp4
projet1/projet final.mp4;المشروع 1 — الفيديو النهائي;https://drive.google.com/file/d/18er2ZRc8fV84HVJHZyo_xzhnKYI3czvE/view;Mon Drive/E/ai/leçon témoin foshet ibde3/présentation finale de la leçon modèle/hub_pedagogique/media/projet1/projet final.mp4
projet1/درس شاهد.mp4;التقرير الشامل ومجريات الحصّة;https://drive.google.com/file/d/1rIBTSYjVuDf4_JWPY7C2U0NYT2mvDXuN/view;Mon Drive/E/ai/leçon témoin foshet ibde3/présentation finale de la leçon modèle/hub_pedagogique/media/projet1/درس شاهد.mp4
projet1/نَبَاتِي يَنْمُو وَيَرْتَفِعْ (1).mp3;تَنْمُو عَنَاصِرِي وَتَرْتَفِعُ (الدرس الشاهد);https://drive.google.com/file/d/1gNtS3j09d-l9Q00uqRTVrjRIbTGvjD0g/view;Mon Drive/E/ai/leçon témoin foshet ibde3/présentation finale de la leçon modèle/hub_pedagogique/media/projet1/نَبَاتِي يَنْمُو وَيَرْتَفِعْ (1).mp3
video aventure leçon 2.mp4;المغامرة — الدرس (النسخة الكاملة);https://drive.google.com/file/d/1tvWnJC9bNcmMjBuZYsJGaQpGY2MuBez6/view;Mon Drive/E/ai/leçon témoin foshet ibde3/présentation finale de la leçon modèle/hub_pedagogique/media/video aventure leçon 2.mp4
video2 aventure.mp4;المغامرة — الجزء 2;https://drive.google.com/file/d/1-6Ib-yHd5w6YYgsdKYHEwwmgnBxxP1pI/view;Mon Drive/E/ai/leçon témoin foshet ibde3/présentation finale de la leçon modèle/hub_pedagogique/media/video2 aventure.mp4
video3 aventure.mp4;المغامرة — الجزء 3;https://drive.google.com/file/d/1q-W-a-L8L2JiO_UzquFQ350RQz94kDYX/view;Mon Drive/E/ai/leçon témoin foshet ibde3/présentation finale de la leçon modèle/hub_pedagogique/media/video3 aventure.mp4
video4 aventure.mp4;المغامرة — الجزء 4;https://drive.google.com/file/d/1yV34_iZ6ieVsDJyiYX2uEz7qYr1JtU_v/view;Mon Drive/E/ai/leçon témoin foshet ibde3/présentation finale de la leçon modèle/hub_pedagogique/media/video4 aventure.mp4
video5 aventure.mp4;المغامرة — الجزء 5;https://drive.google.com/file/d/1AclgUkCH-pBFd0qelhjYSSSz-uKD14Fe/view;Mon Drive/E/ai/leçon témoin foshet ibde3/présentation finale de la leçon modèle/hub_pedagogique/media/video5 aventure.mp4
video8 aventure.mp4;المغامرة — الجزء 8;https://drive.google.com/file/d/1aK_y6DZMJ2EJ9Uh5y1Gx-g_PjnsCSLoZ/view;Mon Drive/E/ai/leçon témoin foshet ibde3/présentation finale de la leçon modèle/hub_pedagogique/media/video8 aventure.mp4
videos/1 intro1.mp4;المقدّمة;https://drive.google.com/file/d/1Aq_o9YlvNSBzkJWSIv8RQhQK5JZQSKaX/view;Mon Drive/E/ai/leçon témoin foshet ibde3/présentation finale de la leçon modèle/hub_pedagogique/media/videos/1 intro1.mp4
videos/2 ismaa kalbi3.mp4;اِسْمَعْ قَلْبِي;https://drive.google.com/file/d/1Vb8KUMEd7S9YSWngmcp59PlN0z4Y6KhG/view;Mon Drive/E/ai/leçon témoin foshet ibde3/présentation finale de la leçon modèle/hub_pedagogique/media/videos/2 ismaa kalbi3.mp4
videos/3 ya mderes tounes.mp4;يَا مَدَارِسَ تُونِسْ;https://drive.google.com/file/d/16x5sxeM2jOcDypqIT_wwSmYQ3RAs3BbK/view;Mon Drive/E/ai/leçon témoin foshet ibde3/présentation finale de la leçon modèle/hub_pedagogique/media/videos/3 ya mderes tounes.mp4
videos/4 lounga riadh.mp4;لونغا رياض السنباطي;https://drive.google.com/file/d/1oWfs9Y1zIpaypl0WQzUHy3T0Ki076zme/view;Mon Drive/E/ai/leçon témoin foshet ibde3/présentation finale de la leçon modèle/hub_pedagogique/media/videos/4 lounga riadh.mp4
videos/5 ayrouni bik.mp4;عايروني بيك يا جاد;https://drive.google.com/file/d/1DM9VJSg_mxByXxTFIhh0elC1yoxAtCSb/view;Mon Drive/E/ai/leçon témoin foshet ibde3/présentation finale de la leçon modèle/hub_pedagogique/media/videos/5 ayrouni bik.mp4
videos/6 nsiha hek.mp4;نَصِيحَة;https://drive.google.com/file/d/1X4H6qisBzJXru7SjQPHrjmodg4zFlksi/view;Mon Drive/E/ai/leçon témoin foshet ibde3/présentation finale de la leçon modèle/hub_pedagogique/media/videos/6 nsiha hek.mp4
videos/7 voix off nsiha hek.mp4;النصيحة هاك — التعليق الصوتي;https://drive.google.com/file/d/1fv8ubdv0ypMy5YNTAar7wKRT8V8ILjAP/view;Mon Drive/E/ai/leçon témoin foshet ibde3/présentation finale de la leçon modèle/hub_pedagogique/media/videos/7 voix off nsiha hek.mp4
videos/8 foshet ibade3.mp4;فُسْحَةُ إِبْدَاعٍ وَالْفَنُّ جَمَّاع (حكاية جاد);https://drive.google.com/file/d/1p8RWYKZk2x5TROewPPyb-uVQE4pdSWwS/view;Mon Drive/E/ai/leçon témoin foshet ibde3/présentation finale de la leçon modèle/hub_pedagogique/media/videos/8 foshet ibade3.mp4
videos/WhatsApp Video 2026-04-12 at 20.52.09.mp4;تسجيل ميداني — 12/04/2026;https://drive.google.com/file/d/1dBUYPDISLvLEAGpMNoEMZVMxhXaShTBz/view;Mon Drive/E/ai/leçon témoin foshet ibde3/présentation finale de la leçon modèle/hub_pedagogique/media/videos/WhatsApp Video 2026-04-12 at 20.52.09.mp4
videos/ismaa kalbi2.mp4;إسمع قلبي (نسخة 2);https://drive.google.com/file/d/1l5gxBnUsLe02cdDHBfdg-TLukalWjefs/view;Mon Drive/E/ai/leçon témoin foshet ibde3/présentation finale de la leçon modèle/hub_pedagogique/media/videos/ismaa kalbi2.mp4
videos/montage projet final.mp4;مونتاج المشروع النهائي;https://drive.google.com/file/d/1DnVlV_oVIwWBRh7JqA2XNjD6z3999iTN/view;Mon Drive/E/ai/leçon témoin foshet ibde3/présentation finale de la leçon modèle/hub_pedagogique/media/videos/montage projet final.mp4
videos/mp3 chansons/ismaa kalbi 1 avec chant.mp3;اِسْمَعْ قَلْبِي;https://drive.google.com/file/d/12ODltf6KtuBXg5V_5GnzJO1TtEfJO6ch/view;Mon Drive/E/ai/leçon témoin foshet ibde3/présentation finale de la leçon modèle/hub_pedagogique/media/videos/mp3 chansons/ismaa kalbi 1 avec chant.mp3
videos/mp3 chansons/ismaa kalbi 1 instrumental.mp3;إسمع قلبي — موسيقى فقط;https://drive.google.com/file/d/1QroEm7ElLd9p7b3cV5IcLgCEu5uQBBbC/view;Mon Drive/E/ai/leçon témoin foshet ibde3/présentation finale de la leçon modèle/hub_pedagogique/media/videos/mp3 chansons/ismaa kalbi 1 instrumental.mp3
videos/mp3 chansons/nsiha hek avec chant.mp3;نَصِيحَة;https://drive.google.com/file/d/1TsxHs0uDv-ys2CE7W8fdlJxHe-6q5L9c/view;Mon Drive/E/ai/leçon témoin foshet ibde3/présentation finale de la leçon modèle/hub_pedagogique/media/videos/mp3 chansons/nsiha hek avec chant.mp3
videos/mp3 chansons/nsiha hek instrumental.mp3;النصيحة هاك — موسيقى فقط;https://drive.google.com/file/d/1zv58UcdjxWWrm9QgDV0sRIbUsEdwtvpn/view;Mon Drive/E/ai/leçon témoin foshet ibde3/présentation finale de la leçon modèle/hub_pedagogique/media/videos/mp3 chansons/nsiha hek instrumental.mp3
videos/mp3 chansons/ya mdares tounis (Add Instrumental).mp3;يَا مَدَارِسَ تُونِسْ;https://drive.google.com/file/d/13UQC4Ndy7wF-Pr9AHhjsdeCnx7L9smCC/view;Mon Drive/E/ai/leçon témoin foshet ibde3/présentation finale de la leçon modèle/hub_pedagogique/media/videos/mp3 chansons/ya mdares tounis (Add Instrumental).mp3
